5410188006711,2.15,Tropicana Tonic Breakfast
3560070048786,0.87,Cookies choco
3017800238592,2.20,Daucy Curry vert de légumes riz graines de courge et tournesol
3560070976478,1.94,Poulet satay et son riz
3046920010856,2.01,Lindt Excellence Citron à la pointe de Gingembre
8715700110622,0.96,Ketchup
3570590109324,7.48,Vin blanc Arbois Vieilles Vignes
3520115810259,8.49,Mont d'or moyen Napiot
3270190022534,0.58,Pâte feuilletée
8718309259938,4.65,Soda stream saveur agrumes
3560071097424,2.40,Tartelettes carrées fraise
3017620402678,1.86,Nutella 220g
3245412567216,1.47,Pain de mie
045496420598,54.99,Jeu switch Minecraft
7640164630021,229.90,Robot éducatif Thymio
3560070139675,1.94,Boîte de 110 mouchoirs en papier
3020120029030,1.70,Cahier Oxford 90 pages petits carreaux